{"427777":["Monster Hunt"],"427778":["Monster Hunt"],"427779":["Guild Quests"],"427780":["Guild Defend"],"427781":["Combine Materials"],"427783":["Gather RSS"],"427788":["Training"],"427793":["Guild Defend"],"427794":["Combine Materials"],"427797":["Guild Help"],"427870":["Spin the Wheel"],"427875":["Guild Quests"],"427876":["Guild Defend"],"427877":["Combine Materials"],"427879":["Gather RSS"],"427885":["VIP Quests"],"427886":["Monster Hunt"],"427887":["Guild RSS Help"],"427889":["Guild Defend"],"427890":["Combine Materials"],"427893":["Guild Help"],"427895":["Spin the Wheel","Combine Gems"],"427896":["Combine Gems","VIP Quests"],"427899":["Guild Quests"],"427900":["Guild Defend"],"427909":["VIP Quests"],"427910":["Monster Hunt"],"427912":["Guild Quests"],"427915":["Hero Quests"],"427917":["Guild Help"],"427919":["Spin the Wheel","Combine Gems"],"427920":["Combine Gems"],"427923":["Guild Quests"],"427924":["Guild Defend"],"427926":["Combine Materials","Hero Quests"],"427934":["Monster Hunt"],"427935":["Guild RSS Help"],"427941":["Guild Help"],"427944":["VIP Quests"],"427945":["Monster Hunt"],"427948":["Guild Defend"],"427950":["Combine Materials"],"428132":["Gather RSS"],"428133":["Guild Help","Guild Help"],"428134":["Spin the Wheel"],"428138":["Monster Hunt"],"428139":["Monster Hunt","Guild RSS Help"],"428140":["Guild Quests"],"428142":["Combine Materials"],"428143":["Hero Quests","Hero Quests"],"428144":["Gather RSS"],"428151":["Guild RSS Help"],"428154":["Combine Materials"],"428155":["Hero Quests","Hero Quests"],"428156":["Gather RSS","Gather RSS"],"428157":["Guild Help","Guild Help"],"428158":["Spin the Wheel","Spin the Wheel"],"428161":["Monster Hunt"],"428162":["Guild RSS Help"],"428164":["Guild Defend"],"428165":["Combine Materials","Combine Materials"],"428166":["Hero Quests"],"428167":["Gather RSS"],"428174":["Monster Hunt"],"428175":["Guild RSS Help","Guild RSS Help"],"428176":["Guild Quests","Guild Quests"],"428177":["Guild Defend"],"428178":["Combine Materials","Combine Materials"],"428179":["Hero Quests"],"428180":["Gather RSS","Gather RSS"],"428183":["Gather RSS","Combine Gems"],"428184":["VIP Quests"],"428185":["Monster Hunt","Monster Hunt","Monster Hunt"],"428186":["Guild RSS Help","Guild RSS Help"],"428187":["Guild Quests","Guild Quests"],"428188":["Guild Defend"],"428189":["Combine Materials","Combine Materials"],"428190":["Hero Quests","Hero Quests"],"428191":["Gather RSS","Gather RSS"],"428192":["Guild Help","Guild Help"],"428198":["Monster Hunt","Monster Hunt"],"428196":["Training","Training"],"428199":["Guild RSS Help","Guild RSS Help"],"428200":["Guild Quests","Guild Quests"],"428202":["Combine Materials","Combine Materials"],"428203":["Hero Quests","Hero Quests"],"428204":["Gather RSS","Gather RSS"],"428205":["Guild Help","Guild Help"],"428211":["Guild Quests","Guild Quests"],"428212":["Guild Defend"],"428213":["Combine Materials","Combine Materials"],"428206":["Spin the Wheel","Spin the Wheel","Guild Help"],"428207":["Combine Gems","Combine Gems"],"428208":["VIP Quests","VIP Quests"],"428209":["VIP Quests","Monster Hunt","Monster Hunt"],"428214":["Hero Quests"],"428220":["Training","Training"],"428221":["VIP Quests","VIP Quests"],"428222":["Monster Hunt","Monster Hunt"],"428223":["Monster Hunt","Guild RSS Help"],"428224":["Guild Quests"],"428225":["Guild Defend","Guild Defend"],"428226":["Combine Materials","Combine Materials"],"428227":["Hero Quests","Hero Quests"],"428228":["Gather RSS"],"428229":["Guild Help"],"428231":["Combine Gems"],"428232":["VIP Quests"],"428233":["Monster Hunt","Monster Hunt"],"428234":["Guild RSS Help"],"428235":["Guild Quests"],"428236":["Guild Defend"],"428237":["Combine Materials"],"428238":["Hero Quests"],"428239":["Gather RSS"],"428245":["VIP Quests"],"428246":["Monster Hunt"],"428247":["Monster Hunt","Guild RSS Help"],"428248":["Guild Quests"],"428249":["Guild Quests"],"428250":["Guild Defend"],"428251":["Hero Quests"],"428253":["Guild Help"],"428255":["Combine Gems"],"428256":["VIP Quests"],"428257":["Monster Hunt","Monster Hunt"],"428261":["Combine Materials"],"428262":["Hero Quests","Hero Quests","Combine Materials"],"428263":["Hero Quests","Gather RSS"],"428269":["VIP Quests"],"428270":["Monster Hunt"],"428271":["Guild RSS Help"],"428272":["Guild Quests"],"428275":["Combine Materials"],"428276":["Gather RSS"],"428280":["VIP Quests","VIP Quests"],"428281":["Monster Hunt"],"428283":["Guild Quests"],"428284":["Guild Quests","Guild Defend","Guild Defend"],"428285":["Combine Materials"],"428286":["Hero Quests"],"428287":["Gather RSS"],"428293":["VIP Quests"],"428295":["Guild RSS Help"],"428292":["Training"],"428296":["Guild Quests"],"428299":["Hero Quests"],"428300":["Gather RSS"],"428303":["Combine Gems"],"428304":["VIP Quests"],"428306":["Guild RSS Help"],"428307":["Guild Quests"],"428308":["Guild Defend"],"428309":["Combine Materials"],"428310":["Hero Quests","Hero Quests"],"428311":["Gather RSS"],"428312":["Guild Help"],"428313":["Spin the Wheel"],"428319":["Guild RSS Help"],"428320":["Guild Quests"],"428324":["Gather RSS"],"428325":["Guild Help"],"428326":["Spin the Wheel"],"428327":["Combine Gems"],"428331":["Guild Quests"],"428340":["Training"],"428341":["VIP Quests"],"428342":["Monster Hunt"],"428343":["Guild RSS Help","Monster Hunt","Guild RSS Help"],"428344":["Guild Quests"],"428347":["Combine Materials","Hero Quests","Hero Quests"],"428351":["Combine Gems"],"428352":["VIP Quests","VIP Quests"],"428353":["Monster Hunt"],"428354":["Guild RSS Help"],"428357":["Combine Materials","Combine Materials"],"428358":["Gather RSS"],"428359":["Guild Help"],"428366":["Monster Hunt","Monster Hunt"],"428368":["Guild Quests"],"428371":["Hero Quests"],"428373":["Guild Help"],"428374":["Spin the Wheel"],"428375":["Combine Gems"],"428376":["Combine Gems"],"428379":["Guild Quests","Guild Quests"],"428380":["Guild Defend","Guild Defend"],"428381":["Combine Materials"],"428382":["Hero Quests","Hero Quests"],"428383":["Gather RSS"],"428389":["VIP Quests"],"428390":["Monster Hunt","Monster Hunt"],"428391":["Guild RSS Help","Guild RSS Help"],"428392":["Guild Quests","Guild Quests"],"428393":["Guild Defend"],"428394":["Combine Materials"],"428395":["Hero Quests"],"428396":["Gather RSS"],"428397":["Guild Help","Guild Help"],"428399":["Combine Gems"],"428400":["VIP Quests","VIP Quests"],"428401":["Monster Hunt"],"428402":["Guild RSS Help"],"428404":["Guild Defend"],"428405":["Combine Materials"],"428406":["Hero Quests"],"428407":["Hero Quests","Gather RSS"],"428414":["Monster Hunt"],"428415":["Guild RSS Help"],"428416":["Guild Quests"],"428417":["Guild Defend"],"428420":["Gather RSS","Gather RSS"],"428421":["Guild Help"],"428424":["Combine Gems","VIP Quests"],"428427":["Guild Quests"],"428428":["Guild Defend"],"428429":["Combine Materials"],"428430":["Hero Quests"],"428431":["Hero Quests","Gather RSS"],"428437":["VIP Quests"],"428438":["Monster Hunt"],"428439":["Guild RSS Help"],"428440":["Guild Quests"],"428441":["Guild Defend"],"428444":["Gather RSS"],"428445":["Guild Help"],"428446":["Spin the Wheel"],"428449":["Monster Hunt"],"428450":["Guild RSS Help"],"428452":["Guild Defend"],"428453":["Combine Materials"],"428454":["Hero Quests"],"428456":["Guild Help"],"428463":["Guild RSS Help"],"428465":["Guild Defend"],"428469":["Guild Help"],"428474":["Guild RSS Help"],"428476":["Guild Quests"],"428477":["Combine Materials"],"428478":["Hero Quests"],"428487":["Guild RSS Help"],"428488":["Guild Quests"],"428489":["Guild Defend"],"428491":["Hero Quests"],"428492":["Hero Quests"],"428493":["Guild Help"],"428494":["Spin the Wheel"],"428495":["Combine Gems"],"428496":["VIP Quests"],"428497":["Monster Hunt"],"428500":["Guild Defend"],"428501":["Combine Materials"],"428502":["Hero Quests"],"428503":["Hero Quests"],"428510":["Monster Hunt"],"428511":["Guild RSS Help"],"428513":["Guild Defend"],"428514":["Combine Materials"],"428515":["Hero Quests"],"428516":["Hero Quests","Hero Quests"],"428517":["Guild Help"],"428518":["Spin the Wheel"],"428519":["Combine Gems"],"428520":["VIP Quests"],"428521":["Monster Hunt"],"428522":["Guild RSS Help"],"428523":["Guild Quests"],"428524":["Guild Defend"],"428525":["Combine Materials"],"428526":["Hero Quests"],"428527":["Hero Quests"],"428534":["Monster Hunt"],"428536":["Guild Quests"],"428537":["Guild Defend"],"428538":["Combine Materials"],"428539":["Hero Quests"],"428540":["Hero Quests"],"428541":["Guild Help"],"428542":["Spin the Wheel"],"428543":["Combine Gems"],"428544":["VIP Quests"],"428545":["Monster Hunt"],"428546":["Guild RSS Help"],"428547":["Guild Quests"],"428549":["Guild Defend"],"428556":["Training"],"428557":["VIP Quests"],"428558":["Monster Hunt"],"428563":["Hero Quests"],"428567":["Combine Gems"],"428568":["VIP Quests"],"428570":["Guild RSS Help"],"428571":["Guild RSS Help","Guild Quests"],"428572":["Guild Defend"],"428578":["Combine Gems"],"428579":["Secret Gift"],"428580":["Training"],"428583":["Guild RSS Help"],"428584":["Guild Quests"],"428585":["Guild Defend"],"428587":["Hero Quests"],"428588":["Hero Quests"],"428590":["Spin the Wheel"],"428591":["Combine Gems"],"428593":["Monster Hunt"],"428594":["Guild RSS Help"],"428595":["Guild Quests"],"428596":["Guild Defend"],"428597":["Combine Materials"],"428605":["VIP Quests"],"428607":["Guild RSS Help"],"428609":["Guild Defend"],"428612":["Hero Quests"],"428613":["Guild Help"],"428615":["Combine Gems"],"428616":["Combine Gems"],"428617":["Monster Hunt"],"428618":["Guild RSS Help"],"428619":["Guild Quests"],"428620":["Guild Defend"],"428621":["Combine Materials"],"428622":["Hero Quests"],"428630":["Monster Hunt"],"428631":["Guild RSS Help"],"428632":["Guild Quests"],"428633":["Guild Defend"],"428638":["Spin the Wheel"],"428639":["Spin the Wheel"],"428640":["VIP Quests"],"428641":["Monster Hunt"],"428643":["Guild Quests"],"428645":["Combine Materials"],"428646":["Hero Quests"],"428652":["Training"],"428653":["VIP Quests"],"428661":["Spin the Wheel"],"428662":["Spin the Wheel"],"428664":["VIP Quests"],"428665":["Monster Hunt"],"428668":["Guild Defend"],"428670":["Hero Quests"],"428673":["Spin the Wheel"],"428677":["VIP Quests"],"428678":["Monster Hunt"],"428679":["Guild RSS Help"],"428680":["Guild Quests"],"428682":["Combine Materials"],"428684":["Hero Quests"],"428685":["Guild Help"],"428686":["Spin the Wheel"],"428688":["VIP Quests"],"428689":["Monster Hunt"],"428690":["Guild RSS Help"],"428692":["Guild Defend"],"428693":["Combine Materials"],"428694":["Hero Quests"],"428695":["Gather RSS"],"428701":["VIP Quests"],"428702":["VIP Quests","Monster Hunt"],"428703":["Guild RSS Help"],"428704":["Guild Quests"],"428705":["Guild Quests","Guild Defend"],"428706":["Combine Materials"],"428707":["Hero Quests"],"428712":["VIP Quests"],"428713":["Monster Hunt","VIP Quests"],"428714":["Guild RSS Help"],"428715":["Guild Quests"],"428716":["Guild Quests","Guild Defend"],"428718":["Hero Quests"],"428723":["Secret Gift"],"428725":["VIP Quests"],"428726":["Monster Hunt"],"428727":["Guild RSS Help"],"428729":["Guild Defend"],"428733":["Guild Help"],"428736":["VIP Quests"],"428737":["Monster Hunt"],"428740":["Guild Defend"],"428741":["Combine Materials"],"428743":["Hero Quests"],"428745":["Spin the Wheel"],"428750":["Monster Hunt"],"428751":["Guild RSS Help"],"428752":["Guild RSS Help","Guild Quests"],"428753":["Guild Defend"],"428754":["Combine Materials"],"428756":["Hero Quests"],"428759":["Combine Gems"],"428761":["Monster Hunt","VIP Quests"],"428763":["Guild Quests"],"428764":["Guild Defend"],"428765":["Combine Materials"],"428767":["Hero Quests","Hero Quests"],"428768":["Hero Quests"],"428774":["Monster Hunt"],"428775":["Guild RSS Help"],"428776":["Guild Quests"],"428777":["Guild Defend"],"428778":["Combine Materials"],"428780":["Hero Quests"],"428784":["Combine Gems","VIP Quests"],"428785":["VIP Quests","Monster Hunt"],"428790":["Hero Quests"],"428791":["Hero Quests"],"428792":["Hero Quests","Guild Help","Guild Help"],"428800":["Guild Quests"],"428801":["Guild Defend","Guild Defend"],"428802":["Combine Materials"],"428805":["Guild Help"],"428806":["Spin the Wheel"],"428811":["Guild Quests"],"428815":["Hero Quests"],"428816":["Guild Help"],"428823":["Guild RSS Help"],"428824":["Guild Quests"],"428829":["Hero Quests","Guild Help"],"428830":["Spin the Wheel"],"428832":["VIP Quests"],"428833":["Monster Hunt"],"428834":["Guild RSS Help"],"428836":["Guild Defend"],"428837":["Guild Defend"],"428838":["Hero Quests"],"428846":["VIP Quests","Monster Hunt"],"428847":["Monster Hunt"],"428848":["Guild RSS Help"],"428852":["Hero Quests"],"428857":["Monster Hunt"],"428858":["Guild RSS Help"],"428859":["Guild Quests"],"428860":["Guild Defend"],"428861":["Combine Materials"],"428862":["Hero Quests"],"428863":["Hero Quests"],"428864":["Guild Help"],"428870":["Monster Hunt"],"428871":["Guild RSS Help"],"428876":["Hero Quests"],"428878":["Spin the Wheel"],"428880":["VIP Quests"],"428881":["Monster Hunt"],"428884":["Guild Defend"],"428885":["Combine Materials"],"428886":["Hero Quests"],"428894":["Monster Hunt"],"428895":["Guild RSS Help"],"428896":["Guild Quests"],"428904":["VIP Quests"],"428906":["Guild RSS Help"],"428907":["Guild Quests"],"428908":["Guild Defend"],"428909":["Guild Defend","Combine Materials"],"428910":["Hero Quests"],"428911":["Hero Quests"],"428918":["Monster Hunt"],"428920":["Guild Quests"],"428928":["VIP Quests"],"428929":["Monster Hunt"],"428930":["Guild RSS Help"],"428933":["Combine Materials"],"428934":["Hero Quests"],"428935":["Hero Quests"],"428936":["Hero Quests"],"428942":["VIP Quests","Monster Hunt"],"428943":["Guild RSS Help"],"428945":["Guild Defend"],"428946":["Guild Defend","Combine Materials"],"428947":["Combine Materials"],"428948":["Hero Quests"],"428949":["Guild Help"],"428950":["Spin the Wheel"],"428951":["Combine Gems"],"428953":["VIP Quests"],"428954":["Monster Hunt"],"428959":["Gather RSS"],"428961":["Training"],"428962":["Combine Gems"],"428967":["Guild RSS Help"],"428968":["Guild Quests"],"428969":["Guild Defend"],"428970":["Combine Materials","Combine Materials"],"428971":["Hero Quests"],"428972":["Gather RSS"],"428973":["Guild Help"],"428974":["Training"],"428978":["Guild RSS Help"],"428979":["Guild Quests"],"428980":["Guild Defend"],"428981":["Combine Materials"],"428982":["Hero Quests"],"428983":["Gather RSS"],"428991":["Guild RSS Help"],"428992":["Guild RSS Help"],"428993":["Guild Defend"],"428996":["Gather RSS"],"428997":["Guild Help"],"428998":["Training","Training"],"428999":["Combine Gems"],"429001":["Monster Hunt"],"429002":["Guild RSS Help"],"429003":["Guild Quests"],"429004":["Guild Defend"],"429005":["Guild Defend","Combine Materials"],"429006":["Hero Quests"],"429007":["Gather RSS"],"429013":["VIP Quests"],"429009":["Training"],"429014":["Monster Hunt"],"429015":["Guild RSS Help"],"429016":["Guild Quests"],"429017":["Guild Defend"],"429018":["Combine Materials"],"429019":["Hero Quests"],"429020":["Gather RSS"],"429021":["Guild Help"],"429022":["Guild Help","Training"],"429024":["VIP Quests"],"429025":["Monster Hunt"],"429027":["Guild Quests"],"429028":["Guild Defend"],"429029":["Combine Materials"],"429031":["Hero Quests","Gather RSS"],"429037":["VIP Quests"],"429038":["Monster Hunt"],"429039":["Guild RSS Help"],"429040":["Guild Quests","Guild RSS Help","Guild Quests"],"429041":["Guild Defend","Guild Defend"],"429043":["Hero Quests"],"429044":["Hero Quests"],"429045":["Guild Help"],"429049":["VIP Quests","Monster Hunt"],"429050":["Guild RSS Help"],"429046":["Training"],"429052":["Guild Quests","Guild Defend"],"429053":["Combine Materials"],"429054":["Hero Quests"],"429055":["Gather RSS"],"429061":["VIP Quests"],"429063":["Monster Hunt","Guild RSS Help"],"429064":["Guild Quests"],"429065":["Guild Defend"],"429067":["Hero Quests"],"429068":["Gather RSS","Gather RSS"],"429070":["Training"],"429071":["Combine Gems"],"429073":["Monster Hunt"],"429074":["Guild RSS Help"],"429076":["Guild Defend"],"429077":["Combine Materials"],"429078":["Hero Quests"],"429079":["Gather RSS"],"429080":["Guild Help"],"429086":["Monster Hunt","Monster Hunt"],"429084":["Training"],"429087":["Guild RSS Help"],"429088":["Guild Quests"],"429089":["Guild Defend"],"429090":["Combine Materials"],"429091":["Combine Materials","Hero Quests"],"429092":["Gather RSS"],"429093":["Guild Help"],"429096":["VIP Quests"],"429099":["Guild Quests"],"429100":["Guild Defend"],"429101":["Combine Materials"],"429102":["Hero Quests"],"429103":["Gather RSS"],"429111":["Guild RSS Help"],"429114":["Combine Materials"],"429115":["Hero Quests"],"429116":["Gather RSS"],"429117":["Guild Help"],"429118":["Training"],"429119":["Combine Gems"],"429120":["VIP Quests"],"429122":["Guild RSS Help"],"429124":["Guild Defend"],"429127":["Gather RSS"],"429128":["Guild Help"],"429135":["Guild RSS Help"],"429132":["Training"],"429136":["Guild Quests","Guild RSS Help","Guild Quests"],"429138":["Combine Materials"],"429141":["Guild Help","Guild Help"],"429142":["Training","Training","Training"],"429143":["Combine Gems"],"429145":["Monster Hunt","Monster Hunt"],"429152":["Guild Help","Guild Help"],"429160":["Guild Quests"],"429161":["Guild Defend"],"429162":["Combine Materials"],"429163":["Hero Quests","Hero Quests"],"429164":["Gather RSS","Gather RSS"],"429165":["Guild Help","Gather RSS"],"429169":["Monster Hunt","Monster Hunt","Monster Hunt"],"429171":["Guild Quests"],"429172":["Guild Defend","Guild Defend"],"429174":["Hero Quests","Hero Quests"],"429175":["Gather RSS","Gather RSS"],"429181":["VIP Quests"],"429182":["Monster Hunt","Monster Hunt"],"429183":["Guild RSS Help","Guild RSS Help"],"429186":["Combine Materials","Combine Materials"],"429189":["Guild Help","Guild Help","Guild Help"],"429190":["Training"],"429192":["VIP Quests","VIP Quests"],"429194":["Guild RSS Help","Guild RSS Help"],"429196":["Guild Defend"],"429199":["Gather RSS","Gather RSS"],"429205":["VIP Quests","VIP Quests"],"429206":["Monster Hunt","Monster Hunt"],"429207":["Guild RSS Help","Monster Hunt","Guild RSS Help"],"429139":["Hero Quests"],"429140":["Gather RSS"],"429144":["VIP Quests"],"429146":["Guild RSS Help"],"429147":["Guild Quests"],"429148":["Guild Defend"],"429149":["Combine Materials"],"429150":["Hero Quests"],"429151":["Gather RSS"],"429158":["Monster Hunt"],"429168":["VIP Quests","VIP Quests"],"429170":["Guild RSS Help"],"429173":["Combine Materials"],"429176":["Guild Help"],"429184":["Guild Quests"],"429185":["Guild Defend"],"429187":["Hero Quests"],"429188":["Gather RSS","Gather RSS"],"429191":["Combine Gems"],"429193":["Monster Hunt"],"429197":["Combine Materials"],"429204":["Training"],"429208":["Guild Quests"],"429209":["Guild Defend"],"429210":["Combine Materials"],"429211":["Hero Quests"],"429212":["Gather RSS"],"429214":["Training"],"429216":["VIP Quests"],"429220":["Guild Defend"],"429221":["Combine Materials"],"429223":["Gather RSS"],"429229":["VIP Quests"],"429228":["Training"],"429231":["Guild RSS Help"],"429232":["Guild Quests"],"429233":["Guild Defend"],"429234":["Combine Materials"],"429235":["Hero Quests"],"429237":["Guild Help"],"429238":["Training"],"429240":["VIP Quests"],"429241":["Monster Hunt"],"429242":["Guild RSS Help"],"429243":["Guild Quests"],"429248":["Guild Help"],"429255":["Guild RSS Help"],"429265":["Monster Hunt"],"429271":["Gather RSS"],"429272":["Gather RSS","Guild Help"],"429275":["Secret Gift"],"429279":["Guild RSS Help"],"429282":["Combine Materials"],"429357":["Guild Help"],"429362":["Guild RSS Help"],"429366":["Hero Quests"],"429369":["Training"],"429381":["Gather RSS"],"429382":["Training"],"429383":["Combine Gems"],"429398":["Monster Hunt"],"429399":["Guild RSS Help"],"429408":["Combine Gems"],"429411":["Guild Quests"],"429412":["Guild Defend"],"429413":["Combine Materials"],"429414":["Hero Quests"],"429415":["Gather RSS"],"429423":["Guild RSS Help"],"429433":["Monster Hunt"],"429435":["Guild Quests"],"429446":["Monster Hunt"],"429448":["Guild Quests"],"429450":["Guild Defend"],"429455":["Combine Gems"],"429456":["VIP Quests"],"429459":["Guild Quests"],"429463":["Gather RSS"],"429475":["Hero Quests"],"429480":["VIP Quests"],"429482":["Guild RSS Help"],"429483":["Guild RSS Help"],"429484":["Guild Quests"],"429493":["VIP Quests"],"429485":["Combine Materials"],"429498":["Combine Materials"],"429499":["Hero Quests"],"429500":["Gather RSS"],"429501":["Guild Help"],"429503":["Combine Gems"],"429512":["Guild Help"],"429519":["Guild RSS Help"],"429525":["Guild Help"],"429529":["Monster Hunt"],"429533":["Combine Materials"],"429543":["Guild RSS Help"],"429553":["Monster Hunt"],"429555":["Guild Quests"],"429566":["Monster Hunt"],"429571":["Hero Quests"],"429573":["Guild Help"],"429591":["Guild RSS Help"],"429595":["Hero Quests"],"429596":["Gather RSS"],"429601":["Monster Hunt"],"429602":["Guild RSS Help"],"429614":["Monster Hunt"],"429615":["Guild RSS Help"],"429616":["Guild Quests"],"429621":["Guild Help"],"429623":["Combine Gems"],"429628":["Guild Defend"],"429636":["Training"],"429653":["Combine Materials"],"429654":["Hero Quests"],"429655":["Gather RSS"]}